"","X","OTU","ID"
"1",1,2,"cellular organisms; Eukaryota; Opisthokonta; Fungi; Dikarya; Basidiomycota; Agaricomycotina; Tremellomycetes; Tremellales; mitosporic Tremellales; Trichosporon"
"2",2,3,"cellular organisms; Eukaryota; Opisthokonta; Fungi; Dikarya; Ascomycota; Pezizomycotina; Sordariomycetes; Hypocreales; Hypocreaceae; Trichoderma"
"3",3,7,"cellular organisms; Eukaryota; Opisthokonta; Fungi; Dikarya; Basidiomycota; Agaricomycotina; Tremellomycetes; Filobasidiales; mitosporic Filobasidiales; Cryptococcus"
"4",4,8,"cellular organisms; Bacteria; Proteobacteria; Gammaproteobacteria; Pseudomonadales; Pseudomonadaceae; Pseudomonas"
"5",5,9,"cellular organisms; Eukaryota; Opisthokonta; Fungi; Fungi s; Early diverging fungal lineages; Early diverging fungal lineages; Mucoromycotina; Mucorales; Umbelopsidaceae; Umbelopsis"
"6",6,10,"cellular organisms; Eukaryota; Opisthokonta; Fungi; Dikarya; Ascomycota; Pezizomycotina; Eurotiomycetes; Eurotiales; Aspergillaceae; Penicillium"
"7",7,12,"cellular organisms; Bacteria; Proteobacteria; Gammaproteobacteria; Enterobacteriales; Enterobacteriaceae; Serratia; Serratia liquefaciens"
"8",8,16,"cellular organisms; Bacteria; Proteobacteria; Betaproteobacteria; Burkholderiales; Burkholderiaceae; Burkholderia"
"9",9,17,"cellular organisms; Eukaryota; Opisthokonta; Fungi; Dikarya; Basidiomycota; Agaricomycotina; Tremellomycetes; Tremellales; mitosporic Tremellales; Cryptococcus"
"10",10,18,"cellular organisms; Eukaryota; Stramenopiles; Chrysophyceae; Chromulinales; Chromulinaceae; Spumella"
"11",11,20,"cellular organisms; Bacteria; Proteobacteria; Gammaproteobacteria; Pseudomonadales; Pseudomonadaceae; Pseudomonas"
"12",12,23,"cellular organisms; Bacteria; Proteobacteria; Gammaproteobacteria; Pseudomonadales; Pseudomonadaceae; Pseudomonas"
"13",13,27,"cellular organisms; Bacteria; Proteobacteria; Gammaproteobacteria; Xanthomonadales; Xanthomonadaceae; Dyella"
"14",14,28,"cellular organisms; Bacteria; Proteobacteria; Gammaproteobacteria; Pseudomonadales; Pseudomonadaceae; Pseudomonas"
"15",15,32,"cellular organisms; Bacteria; Proteobacteria; Gammaproteobacteria; Xanthomonadales; Xanthomonadaceae; Dyella; Dyella japonica "
"16",16,35,"cellular organisms; Bacteria; Proteobacteria; Gammaproteobacteria; Xanthomonadales; Xanthomonadaceae; Stenotrophomonas"
"17",17,39,"cellular organisms; Bacteria; Proteobacteria; Betaproteobacteria; Burkholderiales; Oxalobacteraceae; Duganella; Duganella zoogloeoides"
"18",18,48,"cellular organisms; Bacteria; Proteobacteria; Gammaproteobacteria; Enterobacteriales; Enterobacteriaceae; Yersinia; Yersinia kristensenii "
"19",19,54,"cellular organisms; Eukaryota; Opisthokonta; Fungi; Dikarya; Basidiomycota; Agaricomycotina; Tremellomycetes; Filobasidiales; mitosporic Filobasidiales; Cryptococcus"
"20",20,56,"cellular organisms; Bacteria; Proteobacteria; Alphaproteobacteria; Rhodospirillales; Acetobacteraceae; Acidisoma"
"21",21,71,"cellular organisms; Eukaryota; Opisthokonta; Fungi; Fungi s; Fungi s; Zygomycota; Mortierellomycotina; Mortierellales; Mortierellaceae; Mortierella"
"22",22,74,"cellular organisms; Bacteria; Bacteroidetes; Flavobacteriia; Flavobacteriales; Flavobacteriaceae; Chryseobacterium"
"23",23,77,"cellular organisms; Eukaryota; Opisthokonta; Fungi; Fungi s; Early diverging fungal lineages; Early diverging fungal lineages; Mucoromycotina; Mucorales; Umbelopsidaceae; Umbelopsis"
"24",24,81,"cellular organisms; Bacteria; Proteobacteria; Alphaproteobacteria; Sphingomonadales; Sphingomonadaceae; Novosphingobium"
"25",25,86,"cellular organisms; Bacteria; Proteobacteria; Betaproteobacteria; Burkholderiales; Burkholderiaceae; Burkholderia"
"26",26,90,"cellular organisms; Bacteria; Proteobacteria; Alphaproteobacteria; Rhizobiales; Rhizobiaceae;  Rhizobium"
"27",27,91,"cellular organisms; Bacteria; Proteobacteria; Betaproteobacteria; Burkholderiales; Burkholderiaceae; Burkholderia"
"28",28,94,"cellular organisms; Bacteria; Proteobacteria; Betaproteobacteria; Burkholderiales; Comamonadaceae; Malikia; Malikia spinosa"
"29",29,97,"cellular organisms; Bacteria; Proteobacteria; Betaproteobacteria; Burkholderiales; Oxalobacteraceae; Herbaspirillum"
"30",30,105,"cellular organisms; Eukaryota; Opisthokonta; Fungi; Dikarya; Basidiomycota; Agaricomycotina; Tremellomycetes; Tremellales; mitosporic Tremellales; Trichosporon"
"31",31,107,"cellular organisms; Bacteria; Proteobacteria; Betaproteobacteria; Burkholderiales; Comamonadaceae; Delftia"
"32",32,108,"cellular organisms; Bacteria; Bacteroidetes; Sphingobacteriia; Sphingobacteriales; Chitinophagaceae; Chitinophaga"
"33",33,116,"cellular organisms; Bacteria; Proteobacteria; Gammaproteobacteria; Xanthomonadales; Xanthomonadaceae; Dyella"
"34",34,123,"cellular organisms; Bacteria; Proteobacteria; Alphaproteobacteria; Rhizobiales; Bradyrhizobiaceae; Afipia"
"35",35,124,"cellular organisms; Bacteria; Proteobacteria; Alphaproteobacteria; Rhodospirillales; Acetobacteraceae; Asaia"
"36",36,129,"cellular organisms; Eukaryota; Opisthokonta; Fungi; Dikarya; Basidiomycota; Agaricomycotina; Tremellomycetes; Tremellales; mitosporic Tremellales; Trichosporon"
"37",37,141,"cellular organisms; Eukaryota; Opisthokonta; Fungi; Dikarya; Basidiomycota; Agaricomycotina; Agaricomycetes; Hymenochaetales; Hymenochaetales s; Resinicium"
"38",38,143,"cellular organisms; Bacteria; Bacteroidetes; Sphingobacteriia; Sphingobacteriales; Sphingobacteriaceae; Mucilaginibacter"
"39",39,146,"cellular organisms; Eukaryota; Opisthokonta; Fungi; Fungi s; Fungi s; Zygomycota; Mortierellomycotina; Mortierellales; Mortierellaceae; Mortierella"
"40",40,156,"cellular organisms; Eukaryota; Opisthokonta; Fungi; Dikarya; Basidiomycota; Ustilaginomycotina; Malasseziomycetes; Malasseziales"
"41",41,168,"cellular organisms; Bacteria; Firmicutes; Bacilli; Bacillales; Paenibacillaceae; Paenibacillus"
"42",42,170,"cellular organisms; Bacteria; Proteobacteria; Betaproteobacteria; Burkholderiales; Burkholderiaceae; Burkholderia"
"43",43,171,"cellular organisms; Bacteria; Firmicutes; Bacilli; Bacillales; Paenibacillaceae; Paenibacillus"
"44",44,180,"cellular organisms; Bacteria; Proteobacteria; Betaproteobacteria; Burkholderiales; Alcaligenaceae; Achromobacter"
"45",45,182,"cellular organisms; Bacteria; Proteobacteria; Betaproteobacteria; Burkholderiales; Burkholderiaceae; Burkholderia"
"46",46,184,"cellular organisms; Eukaryota; Opisthokonta; Fungi; Dikarya; Ascomycota; Saccharomycotina; Saccharomycetes; Saccharomycetales; Saccharomycetaceae; Saccharomyces; Saccharomyces cerevisiae"
"47",47,185,""
"48",48,186,"cellular organisms; Bacteria; Proteobacteria; Gammaproteobacteria; Enterobacteriales; Enterobacteriaceae; Buttiauxella"
"49",49,188,"cellular organisms; Bacteria; Proteobacteria; Betaproteobacteria; Burkholderiales; Burkholderiaceae; Burkholderia"
"50",50,190,"cellular organisms; Bacteria; Proteobacteria; Gammaproteobacteria; Xanthomonadales; Xanthomonadaceae; Dokdonella"
"51",51,191,"cellular organisms; Bacteria; Proteobacteria; Betaproteobacteria; Burkholderiales; Oxalobacteraceae; Herbaspirillum"
"52",52,194,"cellular organisms; Eukaryota;"
"53",53,198,"cellular organisms; Bacteria; Bacteroidetes; Sphingobacteriia; Sphingobacteriales; Sphingobacteriaceae; Pedobacter"
"54",54,200,"cellular organisms; Eukaryota; Opisthokonta; Fungi; Dikarya; Basidiomycota; Agaricomycotina; Tremellomycetes; Tremellales; mitosporic Tremellales; Cryptococcus"
"55",55,206,"cellular organisms; Eukaryota; Opisthokonta; Fungi; Cryptomycota"
"56",56,210,"cellular organisms; Bacteria; Proteobacteria; Betaproteobacteria; Burkholderiales; Burkholderiaceae; Burkholderia; Burkholderia cepacia complex"
"57",57,218,"cellular organisms; Bacteria; Proteobacteria; Alphaproteobacteria; Rhizobiales; Rhizobiaceae;  Agrobacterium"
"58",58,224,"cellular organisms; Bacteria; Proteobacteria; Alphaproteobacteria; Rhizobiales; Xanthobacteraceae; Labrys; Labrys methylaminiphilus"
"59",59,227,"cellular organisms; Eukaryota; Opisthokonta; Fungi; Dikarya; Ascomycota; Pezizomycotina; Sordariomycetes; Hypocreales; mitosporic Hypocreales; Verticillium"
"60",60,232,"cellular organisms; Bacteria; Actinobacteria; Actinomycetales; Propionibacterineae; Propionibacteriaceae; Propionibacterium"
"61",61,239,"cellular organisms; Bacteria; Proteobacteria; Betaproteobacteria; Burkholderiales; Burkholderiaceae; Burkholderia"
"62",62,240,"cellular organisms; Bacteria; Actinobacteria; Actinomycetales;  Nocardiaceae; Rhodococcus; Rhodococcus; Rhodococcus erythropolis"
"63",63,245,"cellular organisms; Bacteria; Bacteroidetes; Sphingobacteriia; Sphingobacteriales; Sphingobacteriaceae; Mucilaginibacter"
"64",64,247,"cellular organisms; Bacteria; Proteobacteria; Betaproteobacteria; Burkholderiales; Burkholderiaceae; Cupriavidus; Cupriavidus basilensis"
"65",65,250,"cellular organisms; Bacteria; Bacteroidetes; Flavobacteriia; Flavobacteriales; Flavobacteriaceae; Flavobacterium"
"66",66,251,"cellular organisms; Bacteria; Proteobacteria; Betaproteobacteria; Burkholderiales; Oxalobacteraceae; Duganella"
"67",67,254,"cellular organisms; Eukaryota; Stramenopiles; Chrysophyceae;"
"68",68,258,"cellular organisms; Bacteria; Proteobacteria; Betaproteobacteria; Burkholderiales; Comamonadaceae; Curvibacter"
"69",69,268,"cellular organisms; Bacteria; Proteobacteria; Gammaproteobacteria; Pseudomonadales; Pseudomonadaceae; Pseudomonas; Pseudomonas fluorescens"
"70",70,270,"cellular organisms; Eukaryota; Opisthokonta; Fungi; Fungi s; Early diverging fungal lineages; Mucoromycotina; Mucorales; Mucorineae; Mucoraceae; Mucor; Mucor circinelloides"
"71",71,272,"cellular organisms; Eukaryota; Opisthokonta; Fungi; Entomophthoromycota; Entomophthoromycetes; Entomophthorales; Entomophthoraceae"
"72",72,276,"cellular organisms; Bacteria; Proteobacteria; Alphaproteobacteria; Rhodospirillales;"
"73",73,284,"cellular organisms; Bacteria; Proteobacteria; Betaproteobacteria; Burkholderiales; Burkholderiaceae; Burkholderia"
"74",74,298,"cellular organisms; Eukaryota; Opisthokonta; Fungi; Fungi s; Early diverging fungal lineages; Early diverging fungal lineages; Mucoromycotina; Mucorales; Umbelopsidaceae; Umbelopsis"
"75",75,299,"cellular organisms; Bacteria; Proteobacteria; Gammaproteobacteria; Enterobacteriales; Enterobacteriaceae;"
"76",76,306,"cellular organisms; Eukaryota; Opisthokonta; Fungi; Dikarya; Basidiomycota; Agaricomycotina; Tremellomycetes; Tremellales; mitosporic Tremellales; Cryptococcus"
"77",77,309,"cellular organisms; Bacteria; Proteobacteria; Gammaproteobacteria; Aeromonadales; Aeromonadaceae; Aeromonas"
"78",78,316,"cellular organisms; Eukaryota"
"79",79,318,"cellular organisms; Bacteria; Proteobacteria; Betaproteobacteria; Burkholderiales; Burkholderiaceae; Burkholderia"
"80",80,324,"cellular organisms; Bacteria; Proteobacteria; Gammaproteobacteria; Xanthomonadales; Xanthomonadaceae; Dyella"
"81",81,325,"cellular organisms; Bacteria; Proteobacteria; Betaproteobacteria; Burkholderiales; Burkholderiaceae; Burkholderia; Burkholderia phenazinium"
"82",82,328,"cellular organisms; Eukaryota; Opisthokonta; Fungi; Dikarya; Ascomycota; Pezizomycotina; Eurotiomycetes; Eurotiales; Aspergillaceae; Aspergillus"
"83",83,330,"cellular organisms; Bacteria; Proteobacteria; Gammaproteobacteria; Xanthomonadales; Xanthomonadaceae; Arenimonas"
"84",84,332,"cellular organisms; Bacteria; Actinobacteria; Actinomycetales; Micrococcineae; Microbacteriaceae; Microbacterium; Microbacterium oxydans"
"85",85,336,"cellular organisms; Eukaryota; Rhizaria; Cercozoa; Cercomonadida; Heteromitidae; Bodomorpha"
"86",86,343,"cellular organisms; Eukaryota; Opisthokonta; Fungi; Fungi s; Early diverging fungal lineages; Early diverging fungal lineages; Mucoromycotina; Mucorales; Umbelopsidaceae; Umbelopsis"
"87",87,351,"cellular organisms; Bacteria; Proteobacteria; Gammaproteobacteria; Pseudomonadales; Pseudomonadaceae; Pseudomonas; Pseudomonas plecoglossicida "
"88",88,354,"cellular organisms; Bacteria; Proteobacteria; Gammaproteobacteria; Pseudomonadales; Pseudomonadaceae; Pseudomonas; Pseudomonas denitrificans "
"89",89,364,"cellular organisms; Bacteria;"
"90",90,366,"cellular organisms; Bacteria; Proteobacteria; Betaproteobacteria; Burkholderiales; Comamonadaceae; Variovorax; Variovorax paradoxus"
"91",91,368,"cellular organisms; Bacteria; Proteobacteria; Betaproteobacteria; Burkholderiales;"
"92",92,375,"cellular organisms; Bacteria; Actinobacteria; Actinomycetales; Micrococcineae; Microbacteriaceae; Leifsonia"
"93",93,378,"cellular organisms; Eukaryota; Opisthokonta; Fungi; Dikarya; Basidiomycota; Agaricomycotina; Tremellomycetes; Tremellales; Tremellaceae; Asterotremella"
"94",94,379,"cellular organisms; Bacteria; Firmicutes; Bacilli; Lactobacillales; Streptococcaceae; Streptococcus"
"95",95,385,"cellular organisms; Bacteria; Proteobacteria; Betaproteobacteria; Burkholderiales; Alcaligenaceae; Achromobacter; Achromobacter spiritinus"
"96",96,387,"cellular organisms; Bacteria; Firmicutes; Bacilli; Bacillales; Paenibacillaceae; Paenibacillus"
"97",97,388,"cellular organisms; Eukaryota;"
"98",98,392,"cellular organisms; Bacteria; Proteobacteria; Gammaproteobacteria; Enterobacteriales; Enterobacteriaceae; Serratia"
"99",99,393,"cellular organisms; Eukaryota; Stramenopiles; Chromista; Heterokontophyta; Oomycota; Oomycetes; Pythiales; Pythiaceae; Phytopythium; Phytopythium delawarense"
"100",100,399,"cellular organisms; Eukaryota; Opisthokonta; Fungi; Dikarya; Ascomycota; Pezizomycotina; Sordariomycetes; Hypocreales; Hypocreaceae; Trichoderma"
"101",101,407,"cellular organisms; Eukaryota; Opisthokonta; Fungi; Dikarya; Basidiomycota; Agaricomycotina; Tremellomycetes; Tremellales; mitosporic Tremellales; Cryptococcus; Cryptococcus skinneri"
"102",102,409,"cellular organisms; Eukaryota; Opisthokonta; Fungi; Dikarya; Basidiomycota; Agaricomycotina; Tremellomycetes; Tremellales; mitosporic Tremellales; Trichosporon; Trichosporon porosum"
"103",103,412,"cellular organisms; Bacteria; Proteobacteria; Betaproteobacteria; Burkholderiales; Burkholderiaceae; Burkholderia"
"104",104,428,"cellular organisms; Eukaryota; Opisthokonta; Fungi; Dikarya; Ascomycota; Pezizomycotina; Lichinomycetes; Lichinales; Lichinaceae; Peccania"
"105",105,436,"cellular organisms; Bacteria; Proteobacteria; Betaproteobacteria; Burkholderiales; Burkholderiaceae; Burkholderia"
"106",106,442,"cellular organisms; Eukaryota; Opisthokonta; Fungi; Dikarya; Basidiomycota; Agaricomycotina; Tremellomycetes; Tremellales; Tremellaceae; Asterotremella; Asterotremella musci"
"107",107,443,"cellular organisms; Eukaryota; Opisthokonta; Fungi; Dikarya; Ascomycota; Pezizomycotina; Sordariomycetes; Hypocreales; Hypocreaceae; Trichoderma"
"108",108,449,"cellular organisms; Eukaryota; Opisthokonta; Fungi; Dikarya; Basidiomycota; Agaricomycotina; Tremellomycetes; Filobasidiales; mitosporic Filobasidiales; Cryptococcus; 
Cryptococcus terreus"
"109",109,457,"cellular organisms; Bacteria; Proteobacteria; Gammaproteobacteria; Xanthomonadales; Xanthomonadaceae; Rhodanobacter"
"110",110,463,"cellular organisms; Bacteria; Proteobacteria; Alphaproteobacteria; Caulobacterales; Caulobacteraceae; Brevundimonas"
"111",111,468,"cellular organisms; Bacteria; Proteobacteria; Betaproteobacteria; Burkholderiales; Oxalobacteraceae; Massilia"
"112",112,471,"cellular organisms; Bacteria; Proteobacteria; Betaproteobacteria; Burkholderiales; Comamonadaceae; Delftia"
"113",113,480,"cellular organisms; Bacteria; Firmicutes; Bacilli; Bacillales; Bacillaceae; Bacillus"
"114",114,511,"cellular organisms; Bacteria; Proteobacteria; Gammaproteobacteria; Pseudomonadales; Pseudomonadaceae; Pseudomonas; Pseudomonas fluorescens group"
"115",115,515,"cellular organisms; Eukaryota; Opisthokonta; Fungi; Dikarya; Basidiomycota; Agaricomycotina; Tremellomycetes; Filobasidiales; mitosporic Filobasidiales; Cryptococcus"
"116",116,517,"cellular organisms; Bacteria; Bacteroidetes; Flavobacteriia; Flavobacteriales; Flavobacteriaceae; Chryseobacterium"
"117",117,518,""
"118",118,520,"cellular organisms; Bacteria; Proteobacteria; Betaproteobacteria; Burkholderiales; Comamonadaceae; Comamonas; Comamonas testosteroni"
"119",119,538,"cellular organisms; Bacteria; Proteobacteria; Betaproteobacteria; Burkholderiales; Oxalobacteraceae; Janthinobacterium"
"120",120,541,"cellular organisms; Bacteria; Firmicutes; Bacilli; Bacillales; Paenibacillaceae;"
"121",121,542,"cellular organisms; Eukaryota; Opisthokonta; Fungi; Dikarya; Basidiomycota; Agaricomycotina; Tremellomycetes; Tremellales; mitosporic Tremellales; Trichosporon"
"122",122,545,""
"123",123,550,"cellular organisms; Bacteria; Firmicutes; Bacilli; Bacillales; Paenibacillaceae; Paenibacillus"
"124",124,551,"cellular organisms; Bacteria; Proteobacteria; Gammaproteobacteria; Pseudomonadales; Pseudomonadaceae; Pseudomonas; Pseudomonas moorei"
"125",125,556,"cellular organisms; Bacteria; Proteobacteria; Gammaproteobacteria; Pasteurellales; Pasteurellaceae; Haemophilus"
"126",126,561,"cellular organisms; Bacteria; Proteobacteria; Betaproteobacteria; Burkholderiales; Burkholderiaceae; Burkholderia; Burkholderia cepacia complex"
"127",127,565,"cellular organisms; Bacteria; Firmicutes; Bacilli; Bacillales; Staphylococcaceae; Staphylococcus; Staphylococcus epidermidis"
"128",128,571,""
"129",129,574,"cellular organisms; Bacteria; Proteobacteria; Gammaproteobacteria; Pseudomonadales; Pseudomonadaceae; Pseudomonas"
"130",130,578,"cellular organisms; Eukaryota; Opisthokonta; Fungi; Dikarya; Basidiomycota; Agaricomycotina; Tremellomycetes; Filobasidiales; mitosporic Filobasidiales; Cryptococcus; Cryptococcus terreus"
"131",131,580,"cellular organisms; Eukaryota; Opisthokonta; Fungi; Dikarya; Basidiomycota; Agaricomycotina; Tremellomycetes; Filobasidiales; mitosporic Filobasidiales; Cryptococcus"
"132",132,581,"cellular organisms; Bacteria; Proteobacteria; Betaproteobacteria; Burkholderiales; Oxalobacteraceae; Collimonas"
"133",133,585,"cellular organisms; Eukaryota; Opisthokonta; Fungi; Dikarya; Ascomycota; Pezizomycotina; Sordariomycetes; Hypocreales; Hypocreaceae; Trichoderma"
"134",134,586,"cellular organisms; Bacteria; Proteobacteria; Betaproteobacteria; Burkholderiales; Burkholderiaceae; Burkholderia"
"135",135,590,"cellular organisms; Bacteria; Bacteroidetes; Sphingobacteriia; Sphingobacteriales; Sphingobacteriaceae; Pedobacter"
"136",136,592,"cellular organisms; Bacteria; Proteobacteria; Gammaproteobacteria; Pseudomonadales; Moraxellaceae; Acinetobacter"
"137",137,593,"cellular organisms; Eukaryota; Opisthokonta; Fungi; Dikarya; Ascomycota; Pezizomycotina; Sordariomycetes; Hypocreales; Hypocreaceae; Trichoderma"
"138",138,595,"cellular organisms; Bacteria; Firmicutes; Bacilli; Bacillales; Paenibacillaceae; Paenibacillus"
"139",139,598,"cellular organisms; Eukaryota; Opisthokonta; Fungi; Dikarya; Basidiomycota; Agaricomycotina; Tremellomycetes; Filobasidiales; mitosporic Filobasidiales; Cryptococcus"
"140",140,599,"cellular organisms; Bacteria; Firmicutes; Bacilli; Bacillales; Staphylococcaceae; Staphylococcus"
"141",141,618,"cellular organisms; Bacteria; Bacteroidetes; Sphingobacteriia; Sphingobacteriales; Chitinophagaceae; Lacibacter"
"142",142,624,"cellular organisms; Bacteria; Proteobacteria; Gammaproteobacteria; Pseudomonadales; Pseudomonadaceae; Pseudomonas"
"143",143,633,"cellular organisms; Bacteria; Proteobacteria; Gammaproteobacteria; Pseudomonadales; Pseudomonadaceae; Pseudomonas"
"144",144,636,"cellular organisms; Bacteria; Actinobacteria; Actinomycetales; Micrococcineae; Microbacteriaceae; Leifsonia"
"145",145,640,"cellular organisms; Eukaryota; Opisthokonta; Fungi; Dikarya; Basidiomycota; Agaricomycotina; Tremellomycetes; Filobasidiales; mitosporic Filobasidiales; Cryptococcus"
"146",146,643,"cellular organisms; Eukaryota; Opisthokonta; Fungi; Fungi; Early diverging fungal lineages; Early diverging fungal lineages; Mucoromycotina; Mucorales; Umbelopsidaceae; Umbelopsis"
"147",147,648,"cellular organisms; Bacteria; Proteobacteria; Gammaproteobacteria; Pseudomonadales; Pseudomonadaceae; Pseudomonas; Pseudomonas denitrificans "
"148",148,650,"cellular organisms; Eukaryota; Opisthokonta; Fungi; Dikarya; Ascomycota; Pezizomycotina; Sordariomycetes; Hypocreales; Hypocreaceae; Trichoderma"
"149",149,653,"cellular organisms; Bacteria; Firmicutes; Bacilli; Bacillales; Paenibacillaceae; Paenibacillus"
"150",150,657,"cellular organisms; Bacteria; Bacteroidetes; Sphingobacteriia; Sphingobacteriales; Sphingobacteriaceae; Mucilaginibacter"
"151",151,665,"cellular organisms; Bacteria; Proteobacteria; Gammaproteobacteria; Legionellales; Coxiellaceae; Rickettsiella"
"152",152,671,"cellular organisms; Bacteria;"
"153",153,681,"cellular organisms; Eukaryota; Opisthokonta; Fungi; Fungi s; Early diverging fungal lineages; Early diverging fungal lineages; Mucoromycotina; Mucorales; Umbelopsidaceae; Umbelopsis"
"154",154,690,"cellular organisms; Bacteria; Proteobacteria; Gammaproteobacteria; Pseudomonadales; Pseudomonadaceae; Pseudomonas; Pseudomonas denitrificans "
"155",155,692,"cellular organisms; Eukaryota; Opisthokonta; Fungi; Dikarya; Basidiomycota; Agaricomycotina; Tremellomycetes; Tremellales; mitosporic Tremellales; Trichosporon;Trichosporon wieringae"
"156",156,697,"cellular organisms; Bacteria; Proteobacteria; Gammaproteobacteria; Enterobacteriales; Enterobacteriaceae; Enterobacter"
"157",157,698,"cellular organisms; Bacteria"
"158",158,700,"cellular organisms; Eukaryota; Opisthokonta; Fungi; Dikarya; Ascomycota; Pezizomycotina; Sordariomycetes; Hypocreales; Hypocreaceae; Trichoderma"
"159",159,706,"cellular organisms; Eukaryota; Opisthokonta; Fungi; Dikarya; Ascomycota; Pezizomycotina; Sordariomycetes; Hypocreales; Hypocreaceae; Trichoderma"
"160",160,711,"cellular organisms; Bacteria"
"161",161,720,"cellular organisms; Bacteria; Firmicutes; Clostridia; Clostridiales"
"162",162,721,"cellular organisms; Eukaryota; Opisthokonta; Fungi; Dikarya; Ascomycota; Pezizomycotina; Eurotiomycetes; Eurotiales;  Aspergillaceae; Penicillium; Penicillium chrysogenum"
"163",163,723,"cellular organisms; Bacteria; Proteobacteria; Betaproteobacteria; Burkholderiales; Oxalobacteraceae; Massilia"
"164",164,736,"cellular organisms; Eukaryota; Opisthokonta; Fungi; Fungi s; Early diverging fungal lineages; Mucoromycotina; Mucorales; Mucorineae; Mucoraceae; Pilaira"
"165",165,742,"cellular organisms; Bacteria; Firmicutes; Bacilli; Bacillales; Staphylococcaceae; Staphylococcus"
"166",166,743,"cellular organisms; Eukaryota; Opisthokonta; Fungi; Dikarya; Basidiomycota; Agaricomycotina; Tremellomycetes; Tremellales; Tremellaceae; Asterotremella"
"167",167,744,"cellular organisms; Eukaryota; Opisthokonta; Fungi; Dikarya; Basidiomycota; Agaricomycotina; Tremellomycetes; Tremellales; mitosporic Tremellales; Trichosporon"
"168",168,745,"cellular organisms; Bacteria"
"169",169,746,"cellular organisms; Bacteria; Proteobacteria; Alphaproteobacteria; Rhizobiales; Rhizobiaceae;  Rhizobium; Rhizobium jaguaris"
"170",170,750,"cellular organisms; Bacteria; Proteobacteria; Gammaproteobacteria; Pseudomonadales; Pseudomonadaceae; Pseudomonas"
"171",171,751,"cellular organisms; Eukaryota; Rhizaria; Cercozoa; Vampyrellida"
"172",172,767,"cellular organisms; Bacteria; Proteobacteria; Alphaproteobacteria; Rhizobiales; Phyllobacteriaceae; Mesorhizobium"
"173",173,770,"cellular organisms; Bacteria; Proteobacteria; Gammaproteobacteria; Pseudomonadales; Pseudomonadaceae; Pseudomonas; Pseudomonas pertucinogena group"
"174",174,779,"cellular organisms; Bacteria; Firmicutes; Clostridia"
"175",175,798,"cellular organisms; Bacteria; Proteobacteria; Betaproteobacteria; Burkholderiales; Burkholderiaceae; Burkholderia"
"176",176,805,"cellular organisms; Eukaryota; Opisthokonta; Fungi; Dikarya; Basidiomycota; Agaricomycotina; Tremellomycetes; Tremellales; mitosporic Tremellales; Trichosporon"
"177",177,810,"cellular organisms; Eukaryota; Opisthokonta; Fungi; Dikarya; Basidiomycota; Agaricomycotina; Tremellomycetes; Tremellales; Tremellaceae; Asterotremella"
"178",178,817,"cellular organisms; Bacteria; Proteobacteria; Betaproteobacteria; Neisseriales"
"179",179,825,"cellular organisms; Bacteria; Proteobacteria; Gammaproteobacteria; Enterobacteriales; Enterobacteriaceae; Serratia"
"180",180,836,"cellular organisms; Eukaryota; Opisthokonta; Fungi; Dikarya; Basidiomycota; Agaricomycotina; Tremellomycetes; Tremellales; mitosporic Tremellales; Trichosporon"
"181",181,838,"cellular organisms; Eukaryota; Opisthokonta; Fungi; Dikarya; Ascomycota; Pezizomycotina; Sordariomycetes; Hypocreales; Hypocreaceae; Trichoderma"
"182",182,841,"cellular organisms; Bacteria; Proteobacteria; Gammaproteobacteria; Pseudomonadales; Pseudomonadaceae; Pseudomonas"
"183",183,850,"cellular organisms; Bacteria"
"184",184,852,"cellular organisms; Bacteria; Proteobacteria; Betaproteobacteria; Burkholderiales; Burkholderiaceae; Burkholderia"
"185",185,854,"cellular organisms; Eukaryota; Opisthokonta; Fungi; Fungi s; Fungi s; Zygomycota; Mortierellomycotina; Mortierellales; Mortierellaceae; Mortierella"
"186",186,861,"cellular organisms; Eukaryota; Stramenopiles; Chrysophyceae; Chromulinales; Chromulinaceae; Ochromonas"
"187",187,866,"cellular organisms; Eukaryota"
"188",188,867,"cellular organisms; Bacteria; Proteobacteria; Alphaproteobacteria; Rhizobiales;"
"189",189,869,"cellular organisms; Eukaryota; Opisthokonta; Fungi; Fungi s; Early diverging fungal lineages; Early diverging fungal lineages; Mucoromycotina; Mucorales; Umbelopsidaceae; Umbelopsis"
"190",190,873,"cellular organisms; Bacteria; Proteobacteria; Alphaproteobacteria; Rhizobiales; Methylobacteriaceae; Methylobacterium"
"191",191,876,""
"192",192,879,"cellular organisms; Bacteria; Proteobacteria; Gammaproteobacteria; Xanthomonadales; Xanthomonadaceae; Dyella"
"193",193,882,"cellular organisms; Bacteria; Proteobacteria; Betaproteobacteria; Burkholderiales; Oxalobacteraceae; Janthinobacterium"
"194",194,895,"cellular organisms; Eukaryota; Opisthokonta; Fungi; Dikarya; Basidiomycota; Agaricomycotina; Tremellomycetes; Tremellales; mitosporic Tremellales; Cryptococcus; 
Cryptococcus skinneri"
"195",195,897,"cellular organisms; Bacteria; Proteobacteria; Gammaproteobacteria; Enterobacteriales; Enterobacteriaceae; Serratia;Serratia odorifera "
"196",196,898,"cellular organisms; Bacteria"
"197",197,910," cellular organisms; Eukaryota; Opisthokonta; Fungi; Fungi s; Early diverging fungal lineages; Early diverging fungal lineages; Mucoromycotina; Mucorales; Umbelopsidaceae; Umbelopsis; Umbelopsis isabellina"
"198",198,919,"cellular organisms; Eukaryota; Opisthokonta; Fungi; Dikarya; Ascomycota; Pezizomycotina; Eurotiomycetes; Eurotiales; Aspergillaceae; Penicillium"
"199",199,925,"cellular organisms; Eukaryota; Opisthokonta; Fungi; Dikarya; Ascomycota; Pezizomycotina; mitosporic Pezizomycotina; Dermateaceae; Gloeosporium"
"200",200,932,"cellular organisms; Eukaryota; Opisthokonta; Fungi; Dikarya; Ascomycota; Pezizomycotina; Sordariomycetes; Hypocreales; Hypocreaceae; Trichoderma"
"201",201,934,"cellular organisms; Bacteria; Firmicutes; Bacilli; Bacillales; Paenibacillaceae; Cohnella; Cohnella luojiensis"
"202",202,939,"cellular organisms; Eukaryota; Opisthokonta; Fungi; Dikarya; Basidiomycota; Agaricomycotina; Tremellomycetes; Filobasidiales; mitosporic Filobasidiales; Cryptococcus"
"203",203,941,"cellular organisms; Bacteria; Proteobacteria; Alphaproteobacteria; Rhizobiales; Rhizobiaceae;  Rhizobium"
"204",204,947,"cellular organisms; Bacteria; Proteobacteria; Gammaproteobacteria; Enterobacteriales; Enterobacteriaceae; Serratia"
"205",205,950,"cellular organisms; Bacteria; Proteobacteria; Gammaproteobacteria; Enterobacteriales; Enterobacteriaceae; Serratia"
"206",206,955,"cellular organisms; Bacteria; Proteobacteria; Betaproteobacteria; Burkholderiales; Burkholderiaceae; Burkholderia"
"207",207,958,""
"208",208,965,""
"209",209,970,""
"210",210,981,"cellular organisms; Bacteria; Proteobacteria; Gammaproteobacteria; Pseudomonadales; Pseudomonadaceae; Pseudomonas"
"211",211,992,"cellular organisms; Bacteria; Bacteroidetes; Sphingobacteriia; Sphingobacteriales; Chitinophagaceae; Chitinophaga"
"212",212,1006,"cellular organisms; Eukaryota; Opisthokonta; Fungi; Dikarya; Ascomycota; Pezizomycotina; Sordariomycetes; Hypocreales; Hypocreaceae"
"213",213,1022,"cellular organisms; Eukaryota; Opisthokonta; Fungi; Fungi s; Early diverging fungal lineages; Early diverging fungal lineages; Mucoromycotina; Mucorales; Umbelopsidaceae; Umbelopsis"
"214",214,1023,"cellular organisms; Eukaryota; Opisthokonta; Fungi; Fungi s; Early diverging fungal lineages; Early diverging fungal lineages; Mucoromycotina; Mucorales; Umbelopsidaceae; Umbelopsis; Umbelopsis isabellina"
"215",215,1026,"cellular organisms; Eukaryota; Opisthokonta; Fungi; Dikarya; Basidiomycota; Agaricomycotina; Tremellomycetes; Tremellales; mitosporic Tremellales; Trichosporon; 
Trichosporon porosum"
"216",216,1030,"cellular organisms; Eukaryota; Opisthokonta; Fungi; Dikarya; Basidiomycota; Agaricomycotina; Tremellomycetes; Tremellales; mitosporic Tremellales; Cryptococcus"
"217",217,1031,"cellular organisms; Eukaryota; Opisthokonta; Fungi; Dikarya; Basidiomycota; Agaricomycotina; Tremellomycetes; Tremellales; mitosporic Tremellales; Cryptococcus"
"218",218,1056,"cellular organisms; Bacteria; Bacteroidetes; Bacteroidia; Bacteroidales"
"219",219,1059,"cellular organisms; Eukaryota; Opisthokonta; Fungi; Dikarya; Ascomycota; Pezizomycotina; Sordariomycetes; Hypocreales; Hypocreaceae; Trichoderma"
"220",220,1060,"cellular organisms; Eukaryota; Opisthokonta; Fungi; Dikarya; Basidiomycota; Agaricomycotina; Tremellomycetes; Tremellales; mitosporic Tremellales; Cryptococcus"
"221",221,1064,"cellular organisms; Eukaryota; Opisthokonta; Fungi; Dikarya; Basidiomycota; Agaricomycotina; Tremellomycetes; Tremellales; mitosporic Tremellales; Trichosporon"
"222",222,1067,"cellular organisms; Eukaryota; Opisthokonta; Fungi; Dikarya; Basidiomycota; Agaricomycotina; Tremellomycetes; Tremellales; mitosporic Tremellales; Cryptococcus"
"223",223,1069,"cellular organisms; Bacteria"
"224",224,1079,"cellular organisms; Eukaryota; Fungi; Dikarya; Basidiomycota; Agaricomycotina;"
"225",225,1080,"cellular organisms; Eukaryota; Opisthokonta; Fungi; Dikarya; Basidiomycota; Agaricomycotina; Tremellomycetes; Tremellales; Tremellaceae; Asterotremella"
"226",226,1082,"cellular organisms; Eukaryota; Opisthokonta; Fungi; Fungi s; Early diverging fungal lineages; Early diverging fungal lineages; Mucoromycotina; Mucorales; Umbelopsidaceae; Umbelopsis"
"227",227,1084,"cellular organisms; Eukaryota; Opisthokonta; Fungi; Dikarya; Ascomycota; Pezizomycotina; Eurotiomycetes; Eurotiales; Aspergillaceae; Penicillium"
"228",228,1086,"cellular organisms; Bacteria; Proteobacteria; Betaproteobacteria; Burkholderiales; Comamonadaceae; Malikia"
"229",229,1087,"cellular organisms; Bacteria; Proteobacteria; Alphaproteobacteria; Sphingomonadales; Sphingomonadaceae; Sphingobium"
"230",230,1092,"cellular organisms; Bacteria; Firmicutes; Bacilli; Bacillales; Paenibacillaceae; Paenibacillus; Paenibacillus castaneae"
"231",231,1122,"cellular organisms; Eukaryota; Opisthokonta; Fungi; Fungi s; Fungi s; Zygomycota; Mortierellomycotina; Mortierellales; Mortierellaceae; Mortierella"
"232",232,1125,"cellular organisms; Eukaryota; Opisthokonta; Fungi; Fungi s; Early diverging fungal lineages; Early diverging fungal lineages; Mucoromycotina; Mucorales; Umbelopsidaceae; Umbelopsis"
"233",233,1127,"cellular organisms; Eukaryota; Opisthokonta; Fungi; Dikarya; Basidiomycota; Agaricomycotina; Tremellomycetes; Tremellales; Tremellaceae; Asterotremella"
"234",234,1128,"cellular organisms; Bacteria; Proteobacteria; Gammaproteobacteria; Enterobacteriales; Enterobacteriaceae; Serratia"
"235",235,1154,"cellular organisms; Eukaryota; Opisthokonta; Fungi; Dikarya; Basidiomycota; Agaricomycotina; Tremellomycetes; Tremellales; mitosporic Tremellales; Trichosporon"
"236",236,1155,"cellular organisms; Bacteria; Proteobacteria; Gammaproteobacteria; Pseudomonadales; Pseudomonadaceae; Pseudomonas; Pseudomonas alkylphenolia"
"237",237,1161,"cellular organisms; Bacteria; Proteobacteria; Betaproteobacteria; Burkholderiales; Burkholderiaceae; Burkholderia"
